<?xml version="1.0" encoding="UTF-8"?>

    <!--
        Licensed under the Apache License, Version 2.0 (the "License"); you may not use this file except in compliance
        with the License. You may obtain a copy of the License at http://www.apache.org/licenses/LICENSE-2.0 Unless
        required by applicable law or agreed to in writing, software distributed under the License is distributed on an
        "AS IS" BASIS, WITHOUT WARRANTIES OR CONDITIONS OF ANY KIND, either express or implied. See the License for the
        specific language governing permissions and limitations under the License.
    -->

<archetype-descriptor name="OpenCMIS Server Framework">

    <fileSets>
        <fileSet filtered="true" packaged="true" encoding="UTF-8">
            <directory>src/main/java</directory>
            <includes>
                <include>**/*.java</include>
            </includes>
        </fileSet>
        <fileSet filtered="true" encoding="UTF-8">
            <directory>src/main/webapp</directory>
            <includes>
                 <include>**/*.properties</include>
                 <include>**/*.xml</include>
                 <include>**/*.wsdl</include>
                 <include>**/*.jsp</include>
            </includes>
        </fileSet>
    </fileSets>

    <requiredProperties>
        <requiredProperty key="projectPrefix"/>
    </requiredProperties>

</archetype-descriptor>